wikidata|samian
Q103145968|1000003
Q103155047|1000004
Q103163787|1000005
Q103164151|1000006
Q103158925|1000007
Q103164683|1000008
Q103148922|1000009
Q103159579|1000010
Q103180889|1000011
Q103197564|1000012
Q103199264|1000013
Q103192133|1000014
Q103162666|1000015
Q103181626|1000016
Q103198703|1000017
Q103144035|1000018
Q103138400|1000019
Q103161258|1000020
Q103182244|1000021
Q103143701|1000024
Q103198144|1000025
Q103161333|1000026
Q103162250|1000027
Q103157948|1000028
Q103164008|1000029
Q103193276|1000030
Q103199566|1000031
Q103197897|1000032
Q103167091|1000033
Q103194133|1000034
Q103195911|1000035
Q103162635|1000036
Q103196675|1000037
Q103163672|1000038
Q103162079|1000039
Q103174860|1000040
Q103161542|1000042
Q103197913|1000043
Q103199827|1000044
Q103144005|1000045
Q103192629|1000046
Q103158050|1000047
Q103160534|1000048
Q103162333|1000049
Q103186201|1000051
Q103160140|1000052
Q103182463|1000054
Q103189055|1000055
Q103173030|1000056
Q103199080|1000057
Q103198624|1000058
Q103191397|1000059
Q103199364|1000060
Q103196026|1000061
Q103160276|1000062
Q103159889|1000063
Q103192674|1000064
Q103186562|1000066
Q103149297|1000067
Q103157958|1000068
Q103163346|1000069
Q103182180|1000070
Q103166120|1000071
Q103142654|1000072
Q103138686|1000073
Q103158921|1000074
Q103159759|1000076
Q103163593|1000077
Q103188965|1000078
Q103187368|1000079
Q103159803|1000080
Q103146376|1000081
Q103176140|1000082
Q103176085|1000083
Q103195419|1000084
Q103190502|1000085
Q103189891|1000086
Q103158176|1000088
Q103165150|1000089
Q103187690|1000090
Q103182085|1000091
Q103162245|1000092
Q103183592|1000093
Q103158136|1000094
Q103191644|1000095
Q103145226|1000096
Q103148665|1000097
Q103162350|1000098
Q103163257|1000099
Q103163979|1000100
Q103159664|1000101
Q103162490|1000102
Q103184252|1000103
Q103160667|1000104
Q103141309|1000106
Q103199464|1000108
Q103190123|1000110
Q103164286|1000111
Q103198040|1000112
Q103158999|1000113
Q103198086|1000114
Q103187710|1000116
Q103150753|1000117
Q103145396|1000118
Q103198105|1000119
Q103185650|1000120
Q103139649|1000121
Q103143322|1000122
Q103145662|1000123
Q103194513|1000124
Q103181556|1000125
Q103146807|1000126
Q103192278|1000127
Q103187534|1000128
Q103195842|1000129
Q103162359|1000130
Q103192830|1000131
Q103183748|1000132
Q103154463|1000133
Q103141222|1000134
Q103177460|1000136
Q103160356|1000137
Q103138113|1000138
Q103186254|1000139
Q103199087|1000141
Q103186226|1000142
Q103198454|1000143
Q103170695|1000144
Q103199224|1000145
Q103159230|1000147
Q103199662|1000148
Q103173211|1000149
Q103161207|1000150
Q103161885|1000151
Q103145430|1000152
Q103161046|1000153
Q103164479|1000154
Q103194704|1000155
Q103162324|1000157
Q103195805|1000158
Q103159007|1000159
Q103195920|1000160
Q103199392|1000161
Q103197950|1000162
Q103163647|1000163
Q103186662|1000164
Q103158515|1000165
Q103181028|1000167
Q103177605|1000168
Q103161262|1000169
Q103195863|1000170
Q103188567|1000171
Q103164502|1000172
Q103196379|1000174
Q103195775|1000175
Q103160290|1000176
Q103186637|1000177
Q103176685|1000178
Q103161907|1000179
Q103198355|1000180
Q103155896|1000181
Q103149249|1000183
Q103161224|1000184
Q103146795|1000185
Q103140409|1000186
Q103148185|1000187
Q103144182|1000188
Q103199339|1000190
Q103186845|1000191
Q103158619|1000192
Q103200152|1000193
Q103199229|1000194
Q103151352|1000195
Q103181990|1000196
Q103166134|1000197
Q103160221|1000198
Q103155010|1000199
Q103192709|1000200
Q103144073|1000201
Q103174898|1000202
Q103180436|1000203
Q103164485|1000204
Q103176234|1000205
Q103161516|1000206
Q103191131|1000207
Q103159847|1000208
Q103191740|1000209
Q103159938|1000210
Q103168964|1000211
Q103199144|1000212
Q103163585|1000213
Q103187883|1000214
Q103174690|1000215
Q103143827|1000216
Q103168953|1000217
Q103197922|1000218
Q103193019|1000219
Q103173915|1000220
Q103200438|1000221
Q103191895|1000222
Q103161093|1000223
Q103149533|1000225
Q103195185|1000227
Q103191845|1000228
Q103197256|1000230
Q103180506|1000231
Q103179688|1000233
Q103160455|1000234
Q103163770|1000235
Q103160704|1000236
Q103194792|1000237
Q103190163|1000238
Q103197617|1000239
Q103159511|1000240
Q103196302|1000241
Q103159746|1000242
Q103176838|1000243
Q103174654|1000244
Q103196961|1000245
Q103159654|1000246
Q103143642|1000247
Q103161916|1000248
Q103175458|1000249
Q103161833|1000250
Q103159905|1000251
Q103197502|1000252
Q103161071|1000253
Q103158337|1000254
Q103157996|1000255
Q103197877|1000256
Q103162051|1000257
Q103148740|1000258
Q103159267|1000259
Q103194376|1000260
Q103160331|1000261
Q103196924|1000262
Q103171896|1000263
Q103161774|1000264
Q103163641|1000265
Q103186587|1000266
Q103140194|1000267
Q103189728|1000268
Q103146343|1000269
Q103197376|1000270
Q103195744|1000271
Q103176505|1000272
Q103158610|1000273
Q103160391|1000274
Q103190730|1000275
Q103200426|1000276
Q103142572|1000277
Q103185860|1000278
Q103200321|1000279
Q103146776|1000280
Q103146512|1000281
Q103158955|1000282
Q103194110|1000283
Q103192889|1000284
Q103199677|1000285
Q103158010|1000286
Q103200244|1000287
Q103192605|1000288
Q103196748|1000289
Q103158888|1000290
Q103163908|1000291
Q103160350|1000292
Q103183792|1000293
Q103186783|1000294
Q103161653|1000295
Q103164740|1000296
Q103188669|1000297
Q103177059|1000298
Q103200270|1000299
Q103161020|1000300
Q103198396|1000301
Q103192118|1000302
Q103189985|1000304
Q103161037|1000305
Q103160791|1000306
Q103195876|1000307
Q103138250|1000308
Q103159935|1000309
Q103189417|1000310
Q103164306|1000311
Q103158758|1000312
Q103195951|1000313
Q103193769|1000314
Q103195612|1000315
Q103146605|1000316
Q103145781|1000317
Q103195445|1000318
Q103146817|1000319
Q103191744|1000320
Q103159962|1000321
Q103143784|1000322
Q103183136|1000323
Q103144115|1000324
Q103164646|1000325
Q103160101|1000326
Q103194814|1000327
Q103161128|1000328
Q103148686|1000329
Q103170503|1000331
Q103175526|1000332
Q103196739|1000333
Q103163561|1000334
Q103174293|1000335
Q103170874|1000336
Q103197576|1000337
Q103198100|1000338
Q103163711|1000339
Q103160307|1000341
Q103191783|1000342
Q103188055|1000343
Q103164347|1000344
Q103163453|1000345
Q103145251|1000346
Q103198535|1000347
Q103200385|1000349
Q103166164|1000350
Q103159147|1000351
Q103157739|1000352
Q103199838|1000353
Q103172435|1000354
Q103161873|1000355
Q103198177|1000356
Q103197180|1000357
Q103200141|1000358
Q103158982|1000359
Q103159697|1000361
Q103154895|1000362
Q103200389|1000363
Q103148124|1000364
Q103199061|1000365
Q103164619|1000366
Q103199567|1000369
Q103172536|1000370
Q103198229|1000371
Q103191575|1000372
Q103146669|1000373
Q103186454|1000374
Q103176368|1000375
Q103191225|1000376
Q103158286|1000377
Q103168271|1000378
Q103138185|1000379
Q103159476|1000380
Q103185457|1000381
Q103188000|1000382
Q103162456|1000383
Q103160951|1000384
Q103195032|1000385
Q103195105|1000386
Q103190478|1000387
Q103194606|1000388
Q103161212|1000389
Q103161760|1000390
Q103164089|1000391
Q103195619|1000392
Q103181234|1000394
Q103148980|1000395
Q103163153|1000396
Q103200021|1000397
Q103192318|1000398
Q103196058|1000399
Q103196205|1000400
Q103150158|1000401
Q103199121|1000403
Q103179587|1000404
Q103160847|1000406
Q103163954|1000407
Q103157898|1000408
Q103194423|1000410
Q103200430|1000411
Q103189480|1000413
Q103187416|1000414
Q103163982|1000415
Q103187447|1000416
Q103187207|1000417
Q103146693|1000418
Q103158362|1000419
Q103162655|1000420
Q103187119|1000422
Q103160004|1000423
Q103188974|1000424
Q103163740|1000425
Q103163202|1000426
Q103199451|1000427
Q103159596|1000428
Q103161058|1000429
Q103163137|1000430
Q103173110|1000431
Q103174466|1000432
Q103161836|1000433
Q103160039|1000437
Q103200274|1000439
Q103160650|1000440
Q103172399|1000441
Q103146597|1000442
Q103173253|1000443
Q103162040|1000444
Q103187836|1000445
Q103188072|1000446
Q103164597|1000447
Q103163359|1000448
Q103190857|1000450
Q103198122|1000451
Q103146499|1000452
Q103195002|1000453
Q103185507|1000454
Q103145424|1000455
Q103163990|1000456
Q103200340|1000457
Q103191247|1000459
Q103158832|1000460
Q103162642|1000461
Q103146889|1000462
Q103189948|1000463
Q103162108|1000464
Q103164735|1000465
Q103187786|1000466
Q103187869|1000467
Q103157697|1000468
Q103158375|1000469
Q103196411|1000470
Q103195343|1000471
Q103177777|1000472
Q103163606|1000473
Q103174805|1000474
Q103160643|1000475
Q103197447|1000476
Q103159350|1000477
Q103148908|1000478
Q103195093|1000479
Q103199475|1000480
Q103163128|1000481
Q103194830|1000482
Q103163101|1000484
Q103191527|1000485
Q103148168|1000486
Q103162229|1000487
Q103198081|1000488
Q103193946|1000489
Q103161150|1000490
Q103180972|1000492
Q103164463|1000493
Q103159754|1000494
Q103200237|1000495
Q103159243|1000496
Q103197761|1000497
Q103198468|1000498
Q103199237|1000499
Q103138232|1000500
Q103182587|1000501
Q103197267|1000502
Q103198549|1000503
Q103182493|1000504
Q103141615|1000505
Q103194235|1000506
Q103143530|1000507
Q103195171|1000508
Q103196098|1000509
Q103164280|1000510
Q103180693|1000511
Q103148719|1000512
Q103145956|1000513
Q103158961|1000514
Q103190008|1000515
Q103148707|1000516
Q103160803|1000517
Q103199702|1000518
Q103182289|1000519
Q103193214|1000522
Q103177408|1000523
Q103197300|1000524
Q103198498|1000525
Q103146479|1000526
Q103168904|1000527
Q103193641|1000528
Q103183627|1000529
Q103139620|1000530
Q103190294|1000531
Q103171484|1000532
Q103197150|1000533
Q103188725|1000534
Q103192140|1000535
Q103196545|1000536
Q103184780|1000537
Q103162859|1000538
Q103191074|1000539
Q103164642|1000540
Q103193409|1000541
Q103163439|1000543
Q103183880|1000544
Q103160839|1000545
Q103143567|1000546
Q103160106|1000547
Q103161066|1000548
Q103193868|1000549
Q103140001|1000550
Q103198091|1000553
Q103197291|1000554
Q103160544|1000555
Q103181951|1000556
Q103160858|1000557
Q103158309|1000558
Q103170546|1000559
Q103162797|1000560
Q103145980|1000561
Q103188807|1000562
Q103188025|1000563
Q103161942|1000565
Q103164474|1000566
Q103200433|1000567
Q103199495|1000568
Q103159284|1000569
Q103186683|1000570
Q103181586|1000571
Q103191584|1000572
Q103143470|1000573
Q103157657|1000574
Q103160526|1000575
Q103186009|1000576
Q103190365|1000577
Q103162751|1000578
Q103192470|1000579
Q103162649|1000580
Q103199852|1000581
Q103198126|1000582
Q103142107|1000583
Q103164044|1000584
Q103145474|1000585
Q103163675|1000586
Q103163717|1000587
Q103148158|1000588
Q103141539|1000589
Q103180461|1000590
Q103199255|1000591
Q103161350|1000592
Q103158720|1000593
Q103162539|1000594
Q103158205|1000595
Q103138192|1000596
Q103161850|1000597
Q103188483|1000598
Q103161439|1000599
Q103140816|1000600
Q103162009|1000601
Q103187427|1000602
Q103198362|1000603
Q103161613|1000604
Q103185764|1000605
Q103143862|1000606
Q103199319|1000607
Q103161800|1000608
Q103193475|1000609
Q103146701|1000610
Q103194439|1000612
Q103162683|1000613
Q103199070|1000614
Q103163918|1000615
Q103161571|1000617
Q103200108|1000618
Q103185400|1000619
Q103155560|1000620
Q103199479|1000621
Q103176928|1000622
Q103163097|1000623
Q103146863|1000624
Q103180999|1000625
Q103195584|1000626
Q103200363|1000627
Q103189104|1000628
Q103193817|1000629
Q103159978|1000630
Q103159693|1000631
Q103188910|1000632
Q103198564|1000633
Q103186553|1000634
Q103159658|1000636
Q103188428|1000637
Q103184529|1000638
Q103194920|1000639
Q103145216|1000640
Q103197889|1000641
Q103199821|1000642
Q103149015|1000643
Q103141648|1000645
Q103198649|1000646
Q103180234|1000647
Q103187585|1000648
Q103198688|1000650
Q103194843|1000651
Q103179484|1000652
Q103158750|1000653
Q103148113|1000654
Q103146660|1000655
Q103171959|1000657
Q103150198|1000658
Q103193722|1000659
Q103163894|1000662
Q103148574|1000663
Q103160271|1000664
Q103191821|1000665
Q103171688|1000666
Q103198139|1000667
Q103199869|1000668
Q103161268|1000669
Q103155886|1000670
Q103194897|1000671
Q103196493|1000672
Q103161465|1000673
Q103183860|1000674
Q103158777|1000675
Q103193555|1000676
Q103189610|1000677
Q103179558|1000678
Q103188279|1000679
Q103162919|1000680
Q103157860|1000681
Q103187507|1000682
Q103159248|1000683
Q103197465|1000684
Q103177315|1000685
Q103161380|1000687
Q103198162|1000688
Q103160125|1000689
Q103163520|1000690
Q103159307|1000691
Q103199209|1000692
Q103149487|1000693
Q103184692|1000694
Q103161521|1000695
Q103158094|1000696
Q103182775|1000698
Q103191829|1000699
Q103148548|1000700
Q103199759|1000701
Q103172191|1000702
Q103166421|1000703
Q103146853|1000704
Q103183692|1000705
Q103161192|1000706
Q103198744|1000707
Q103193859|1000708
Q103199813|1000709
Q103198430|1000710
Q103163380|1000712
Q103164245|1000713
Q103162578|1000714
Q103187651|1000715
Q103141741|1000716
Q103157802|1000718
Q103155959|1000720
Q103161634|1000721
Q103164185|1000722
Q103161937|1000723
Q103181567|1000724
Q103198656|1000725
Q103145332|1000726
Q103159573|1000727
Q103188948|1000728
Q103159900|1000729
Q103166243|1000730
Q103189807|1000731
Q103171976|1000732
Q103179422|1000733
Q103193986|1000734
Q103200240|1000735
Q103159205|1000736
Q103192439|1000737
Q103178818|1000738
Q103159928|1000739
Q103197524|1000740
Q103187075|1000741
Q103188229|1000742
Q103145863|1000743
Q103155213|1000744
Q103141847|1000745
Q103199344|1000746
Q103200444|1000747
Q103178738|1000748
Q103157836|1000749
Q103161013|1000750
Q103184217|1000751
Q103184957|1000752
Q103199565|1000753
Q103168257|1000754
Q103162083|1000755
Q103158942|1000756
Q103164488|1000757
Q103164692|1000760
Q103191067|1000761
Q103173230|1000762
Q103140782|1000763
Q103195433|1000764
Q103173156|1000766
Q103141869|1000767
Q103195797|1000768
Q103163795|1000769
Q103158037|1000770
Q103138207|1000771
Q103139968|1000773
Q103184748|1000774
Q103194296|1000775
Q103162113|1000776
Q103163684|1000777
Q103162470|1000778
Q103161702|1000779
Q103161734|1000781
Q103199160|1000782
Q103164353|1000783
Q103193882|1000784
Q103192861|1000785
Q103200129|1000786
Q103161336|1000787
Q103193266|1000788
Q103192739|1000789
Q103182400|1000790
Q103176675|1000791
Q103173841|1000792
Q103162740|1000793
Q103191733|1000794
Q103142030|1000795
Q103172851|1000796
Q103196011|1000797
Q103145674|1000798
Q103196347|1000799
Q103159404|1000800
Q103161672|1000801
Q103200216|1000802
Q103155941|1000803
Q103198135|1000804
Q103185536|1000805
Q103184007|1000806
Q103161603|1000807
Q103162217|1000808
Q103193673|1000809
Q103176807|1000810
Q103159971|1000811
Q103194194|1000812
Q103143837|1000813
Q103162211|1000814
Q103138671|1000815
Q103165197|1000816
Q103162203|1000817
Q103160320|1000818
Q103164678|1000819
Q103188254|1000820
Q103197012|1000821
Q103162911|1000822
Q103170450|1000823
Q103170469|1000825
Q103199336|1000826
Q103199023|1000827
Q103199709|1000828
Q103194249|1000829
Q103188707|1000831
Q103146364|1000832
Q103158863|1000833
Q103176288|1000835
Q103161180|1000836
Q103161159|1000837
Q103161103|1000838
Q103192286|1000839
Q103149503|1000840
Q103148079|1000841
Q103186693|1000842
Q103194995|1000843
Q103182896|1000844
Q103140225|1000845
Q103197111|1000846
Q103157910|1000847
Q103172498|1000849
Q103199102|1000850
Q103186651|1000851
Q103171712|1000852
Q103200292|1000853
Q103163505|1000854
Q103186275|1000855
Q103160992|1000856
Q103155644|1000858
Q103148897|1000859
Q103174230|1000860
Q103157921|1000861
Q103163246|1000862
Q103159292|1000863
Q103189968|1000864
Q103161165|1000865
Q103179331|1000866
Q103197720|1000867
Q103165184|1000868
Q103171789|1000869
Q103188215|1000870
Q103171381|1000872
Q103179278|1000873
Q103164196|1000874
Q103145743|1000875
Q103194689|1000877
Q103199618|1000878
Q103158928|1000879
Q103184511|1000880
Q103199287|1000881
Q103193689|1000882
Q103200236|1000883
Q103188359|1000884
Q103162029|1000885
Q103188507|1000886
Q103187604|1000887
Q103168232|1000888
Q103159810|1000889
Q103191300|1000890
Q103190542|1000891
Q103176977|1000892
Q103188496|1000893
Q103162866|1000894
Q103191949|1000896
Q103187171|1000897
Q103196640|1000898
Q103196501|1000899
Q103200251|1000900
Q103164086|1000901
Q103187272|1000902
Q103185945|1000903
Q103192431|1000904
Q103143955|1000905
Q103164378|1000906
Q103145440|1000907
Q103162954|1000908
Q103177137|1000910
Q103163875|1000913
Q103190551|1000914
Q103164685|1000915
Q103162518|1000916
Q103200316|1000917
Q103160717|1000919
Q103193246|1000920
Q103184580|1000921
Q103163465|1000922
Q103185973|1000923
Q103176611|1000924
Q103193164|1000925
Q103191508|1000926
Q103187333|1000927
Q103196803|1000928
Q103159187|1000929
Q103172132|1000930
Q103150174|1000931
Q103143723|1000932
Q103160238|1000933
Q103197715|1000934
Q103193141|1000935
Q103196166|1000936
Q103183420|1000937
Q103159701|1000938
Q103197882|1000939
Q103162729|1000943
Q103187455|1000944
Q103154493|1000945
Q103199113|1000946
Q103163118|1000947
Q103163551|1000948
Q103172292|1000949
Q103159991|1000950
Q103170472|1000951
Q103183534|1000952
Q103180202|1000953
Q103188143|1000954
Q103166103|1000955
Q103196367|1000956
Q103138445|1000957
Q103142623|1000958
Q103176036|1000959
Q103144020|1000961
Q103199352|1000962
Q103145700|1000963
Q103180639|1000964
Q103190310|1000965
Q103200241|1000966
Q103196275|1000967
Q103182853|1000968
Q103159582|1000969
Q103199191|1000970
Q103163534|1000971
Q103159589|1000972
Q103160488|1000973
Q103143847|1000975
Q103146416|1000976
Q103160035|1000977
Q103172694|1000978
Q103186777|1000979
Q103162376|1000980
Q103163335|1000981
Q103168238|1000982
Q103143422|1000983
Q103190762|1000985
Q103178781|1000986
Q103154356|1000987
Q103193834|1000988
Q103164528|1000989
Q103193496|1000990
Q103195203|1000991
Q103159171|1000992
Q103139487|1000993
Q103160630|1000994
Q103161247|1000996
Q103195759|1000997
Q103184322|1000999
Q103187391|1001000
Q103171851|1001001
Q103189534|1001002
Q103198446|1001003
Q103199097|1001004
Q103172475|1001005
Q103163303|1001006
Q103171839|1001007
Q103200473|1001008
Q103185570|1001009
Q103159132|1001010
Q103164272|1001011
Q103196582|1001012
Q103199750|1001013
Q103150566|1001014
Q103191324|1001015
Q103189078|1001016
Q103198490|1001017
Q103187241|1001018
Q103200451|1001020
Q103157723|1001021
Q103164275|1001022
Q103193198|1001023
Q103196480|1001024
Q103187987|1001025
Q103181364|1001026
Q103200164|1001027
Q103162510|1001028
Q103155411|1001029
Q103162482|1001030
Q103188770|1001031
Q103146048|1001032
Q103166403|1001033
Q103196685|1001034
Q103158418|1001035
Q103191876|1001036
Q103174150|1001037
Q103189760|1001039
Q103195326|1001040
Q103143549|1001041
Q103145899|1001042
Q103145987|1001043
Q103188599|1001044
Q103188413|1001045
Q103191543|1001046
Q103168913|1001048
Q103161631|1001049
Q103162584|1001050
Q103189277|1001051
Q103191147|1001052
Q103182114|1001053
Q103188063|1001054
Q103163614|1001055
Q103187101|1001056
Q103197979|1001057
Q103161123|1001058
Q103196940|1001059
Q103194784|1001061
Q103174063|1001062
Q103145632|1001063
Q103179783|1001064
Q103189975|1001065
Q103150555|1001066
Q103162703|1001067
Q103162306|1001068
Q103158975|1001069
Q103138756|1001070
Q103160939|1001071
Q103193047|1001072
Q103186716|1001073
Q103166439|1001074
Q103184854|1001075
Q103162685|1001076
Q103198505|1001079
Q103195634|1001080
Q103138744|1001081
Q103164050|1001082
Q103187155|1001083
Q103161666|1001084
Q103194453|1001085
Q103142413|1001086
Q103164108|1001087
Q103200193|1001089
Q103199507|1001090
Q103181596|1001091
Q103158938|1001092
Q103200227|1001094
Q103158731|1001095
Q103170595|1001096
Q103199780|1001097
Q103195119|1001098
Q103161547|1001099
Q103161846|1001100
Q103175245|1001101
Q103158024|1001102
Q103145464|1001103
Q103159951|1001104
Q103181867|1001105
Q103141374|1001106
Q103181719|1001108
Q103190195|1001110
Q103146208|1001111
Q103198856|1001112
Q103163837|1001113
Q103166267|1001114
Q103160045|1001115
Q103164324|1001116
Q103160800|1001117
Q103179861|1001118
Q103200095|1001120
Q103138424|1001121
Q103148104|1001122
Q103146057|1001123
Q103192493|1001124
Q103200367|1001125
Q103199600|1001126
Q103195894|1001127
Q103199942|1001128
Q103167141|1001129
Q103193365|1001130
Q103172167|1001131
Q103194986|1001132
Q103162146|1001133
Q103164744|1001134
Q103158274|1001135
Q103160378|1001136
Q103158839|1001137
Q103181577|1001139
Q103149004|1001140
Q103160620|1001141
Q103188615|1001142
Q103177530|1001143
Q103191124|1001144
Q103161856|1001145
Q103199904|1001146
Q103184476|1001147
Q103181419|1001149
Q103181937|1001150
Q103190057|1001153
Q103171335|1001154
Q103189923|1001156
Q103164259|1001158
Q103140726|1001159
Q103195960|1001160
Q103196444|1001161
Q103155988|1001162
Q103177217|1001163
Q103190891|1001164
Q103171882|1001165
Q103148749|1001166
Q103198711|1001167
Q103160538|1001168
Q103164519|1001171
Q103145309|1001173
Q103163510|1001174
Q103161511|1001175
Q103196339|1001176
Q103143598|1001177
Q103199597|1001178
Q103161894|1001179
Q103197941|1001180
Q103188683|1001181
Q103177849|1001182
Q103160757|1001183
Q103187843|1001184
Q103191419|1001185
Q103194735|1001186
Q103199522|1001187
Q103187435|1001189
Q103190620|1001190
Q103196400|1001191
Q103161723|1001192
Q103157967|1001193
Q103162897|1001194
Q103189580|1001195
Q103145708|1001196
Q103162611|1001197
Q103200173|1001198
Q103199570|1001199
Q103155668|1001200
Q103141762|1001201
Q103141634|1001202
Q103175388|1001203
Q103196865|1001204
Q103166097|1001205
Q103192590|1001206
Q103191690|1001207
Q103162273|1001208
Q103146020|1001209
Q103162677|1001211
Q103171909|1001212
Q103160069|1001213
Q103162162|1001214
Q103190247|1001215
Q103198778|1001216
Q103146570|1001217
Q103194934|1001218
Q103148809|1001219
Q103188436|1001220
Q103162419|1001221
Q103189672|1001222
Q103164625|1001223
Q103187972|1001224
Q103196190|1001225
Q103189961|1001226
Q103191926|1001227
Q103157777|1001228
Q103139794|1001229
Q103161663|1001231
Q103193795|1001233
Q103187461|1001234
Q103143311|1001235
Q103162987|1001237
Q103199216|1001238
Q103146271|1001239
Q103172826|1001240
Q103187527|1001241
Q103164139|1001242
Q103198769|1001243
Q103145891|1001244
Q103198828|1001245
Q103138771|1001249
Q103159857|1001250
Q103162746|1001251
Q103189688|1001252
Q103159610|1001253
Q103164630|1001254
Q103198066|1001255
Q103188540|1001256
Q103176862|1001257
Q103160761|1001258
Q103162972|1001259
Q103195705|1001260
Q103162547|1001261
Q103146542|1001262
Q103158870|1001263
Q103162885|1001264
Q103192378|1001265
Q103159876|1001266
Q103163274|1001267
Q103163628|1001268
Q103146680|1001269
Q103189605|1001270
Q103162813|1001271
Q103143744|1001272
Q103186736|1001273
Q103161112|1001274
Q103160872|1001275
Q103141947|1001276
Q103145876|1001277
Q103193437|1001278
Q103186770|1001279
Q103140613|1001280
Q103143711|1001281
Q103189159|1001282
Q103161809|1001283
Q103140877|1001285
Q103163376|1001286
Q103194912|1001287
Q103166140|1001288
Q103184608|1001289
Q103191289|1001290
Q103157766|1001291
Q103160161|1001293
Q103162598|1001294
Q103159941|1001295
Q103189149|1001296
Q103196916|1001297
Q103164651|1001298
Q103188828|1001299
Q103143752|1001300
Q103176950|1001301
Q103194067|1001302
Q103138766|1001303
Q103183207|1001304
Q103196760|1001305
Q103189703|1001306
Q103197125|1001307
Q103141449|1001308
Q103146841|1001309
Q103160500|1001310
Q103162504|1001311
Q103199655|1001312
Q103196082|1001313
Q103164391|1001314
Q103150591|1001315
Q103163075|1001316
Q103193606|1001317
Q103191666|1001318
Q103190214|1001319
Q103170564|1001320
Q103194101|1001321
Q103195903|1001322
Q103158783|1001323
Q103187598|1001324
Q103198864|1001325
Q103200210|1001326
Q103163091|1001327
Q103143578|1001328
Q103139975|1001329
Q103160816|1001330
Q103143354|1001331
Q103160131|1001333
Q103160001|1001335
Q103140666|1001336
Q103196588|1001337
Q103194546|1001338
Q103192301|1001340
Q103198543|1001341
Q103160576|1001342
Q103194820|1001343
Q103159335|1001344
Q103183110|1001347
Q103164336|1001349
Q103195927|1001350
Q103199376|1001351
Q103200074|1001352
Q103162593|1001353
Q103144202|1001354
Q103163224|1001355
Q103187791|1001356
Q103160776|1001357
Q103163911|1001358
Q103162699|1001359
Q103197423|1001360
Q103192354|1001361
Q103178601|1001362
Q103164102|1001363
Q103143803|1001364
Q103163460|1001365
Q103192246|1001366
Q103189433|1001367
Q103160682|1001370
Q103190906|1001371
Q103157683|1001372
Q103163034|1001373
Q103165363|1001374
Q103200088|1001375
Q103165158|1001376
Q103158500|1001377
Q103145753|1001378
Q103177377|1001379
Q103164453|1001380
Q103158945|1001381
Q103176000|1001384
Q103186754|1001385
Q103145524|1001387
Q103192048|1001388
Q103164094|1001389
Q103160883|1001390
Q103162088|1001391
Q103199650|1001392
Q103186746|1001393
Q103190131|1001394
Q103163435|1001395
Q103196826|1001396
Q103192509|1001397
Q103160879|1001398
Q103159442|1001399
Q103141401|1001401
Q103194622|1001402
Q103162344|1001403
Q103143853|1001404
Q103187315|1001405
Q103199542|1001406
Q103194036|1001407
Q103185699|1001408
Q103159772|1001409
Q103195688|1001410
Q103146029|1001411
Q103193321|1001412
Q103195391|1001413
Q103161449|1001414
Q103189448|1001415
Q103185333|1001416
Q103176348|1001417
Q103160572|1001418
Q103160451|1001419
Q103180744|1001421
Q103181171|1001423
Q103196753|1001425
Q103145550|1001426
Q103187767|1001428
Q103164332|1001429
Q103188367|1001430
Q103163485|1001431
Q103199686|1001432
Q103193826|1001433
Q103181285|1001434
Q103142057|1001436
Q103197241|1001437
Q103182205|1001438
Q103183060|1001439
Q103192612|1001440
Q103160460|1001441
Q103181137|1001442
Q103172213|1001443
Q103161535|1001444
Q103199590|1001445
Q103159629|1001446
Q103195306|1001447
Q103173406|1001448
Q103196324|1001449
Q103158902|1001450
Q103160819|1001452
Q103192580|1001453
Q103195666|1001454
Q103187809|1001455
Q103160249|1001456
Q103164638|1001458
Q103145798|1001459
Q103189939|1001460
Q103179999|1001461
Q103191769|1001462
Q103193526|1001463
Q103161404|1001464
Q103177744|1001465
Q103191165|1001466
Q103140868|1001467
Q103162534|1001468
Q103159312|1001469
Q103179675|1001470
Q103198000|1001471
Q103159115|1001473
Q103161488|1001474
Q103197687|1001475
Q103165986|1001476
Q103197337|1001477
Q103141458|1001478
Q103160287|1001479
Q103176403|1001480
Q103192443|1001481
Q103178875|1001483
Q103193657|1001484
Q103157977|1001485
Q103186085|1001486
Q103182941|1001487
Q103198346|1001488
Q103192148|1001489
Q103164299|1001490
Q103143401|1001491
Q103200413|1001492
Q103145581|1001493
Q103194047|1001494
Q103171131|1001495
Q103163624|1001496
Q103161898|1001497
Q103188245|1001498
Q103197970|1001499
Q103178572|1001500
Q103143332|1001501
Q103144048|1001502
Q103190069|1001503
Q103193842|1001504
Q103162002|1001505
Q103200169|1001506
Q103155616|1001507
Q103159546|1001508
Q103148522|1001510
Q103189598|1001511
Q103160696|1001512
Q103199992|1001513
Q103163597|1001514
Q103186765|1001515
Q103185180|1001516
Q103197794|1001517
Q103160010|1001518
Q103158557|1001519
Q103161238|1001520
Q103193923|1001522
Q103163196|1001523
Q103198110|1001524
Q103199568|1001525
Q103139984|1001526
Q103200223|1001527
Q103181273|1001528
Q103197842|1001529
Q103196948|1001530
Q103179196|1001531
Q103163110|1001532
Q103158844|1001533
Q103145944|1001534
Q103195497|1001535
Q103184825|1001536
Q103195158|1001537
Q103190994|1001538
Q103161751|1001539
Q103159720|1001540
Q103172255|1001542
Q103177198|1001543
Q103160113|1001544
Q103160598|1001545
Q103158948|1001546
Q103200123|1001547
Q103177430|1001548
Q103174841|1001549
Q103159140|1001550
Q103190380|1001552
Q103186858|1001553
Q103164022|1001554
Q103186037|1001555
Q103151309|1001556
Q103161588|1001557
Q103146445|1001558
Q103164507|1001559
Q103192309|1001560
Q103194280|1001562
Q103187679|1001564
Q103159733|1001565
Q103189882|1001566
Q103160021|1001567
Q103145572|1001568
Q103181294|1001569
Q103158580|1001570
Q103179839|1001571
Q103173348|1001572
Q103181338|1001573
Q103163832|1001574
Q103173990|1001575
Q103191602|1001576
Q103198594|1001577
Q103190841|1001578
Q103176390|1001579
Q103162103|1001580
Q103198694|1001581
Q103197990|1001582
Q103185831|1001583
Q103198898|1001584
Q103155581|1001585
Q103188041|1001586
Q103200231|1001587
Q103198903|1001588
Q103160081|1001589
Q103155629|1001590
Q103188128|1001591
Q103158931|1001592
Q103162733|1001594
Q103197021|1001595
Q103162126|1001596
Q103177804|1001597
Q103159224|1001598
Q103141476|1001599
Q103197587|1001602
Q103164447|1001603
Q103180221|1001604
Q103179128|1001607
Q103150185|1001608
Q103191885|1001609
Q103160244|1001610
Q103188397|1001611
Q103182827|1001612
Q103140012|1001614
Q103183655|1001616
Q103194148|1001618
Q103187774|1001619
Q103141154|1001620
Q103198994|1001621
Q103145258|1001622
Q103182430|1001623
Q103199721|1001624
Q103197643|1001625
Q103167102|1001626
Q103162091|1001627
Q103173884|1001628
Q103158537|1001629
Q103199526|1001630
Q103196569|1001631
Q103189737|1001632
Q103163005|1001633
Q103199126|1001635
Q103159715|1001636
Q103194759|1001637
Q103189409|1001639
Q103164430|1001640
Q103149525|1001641
Q103197551|1001643
Q103176149|1001644
Q103176751|1001645
Q103160586|1001646
Q103160605|1001648
Q103162383|1001649
Q103142251|1001650
Q103168958|1001651
Q103162876|1001652
Q103198834|1001653
Q103160869|1001654
Q103161693|1001655
Q103198008|1001656
Q103156349|1001657
Q103196073|1001658
Q103163850|1001660
Q103161868|1001661
Q103200102|1001662
Q103190033|1001663
Q103200256|1001664
Q103163070|1001665
Q103188754|1001667
Q103166183|1001668
Q103141090|1001670
Q103159371|1001672
Q103160806|1001673
Q103182753|1001674
Q103162404|1001675
Q103150226|1001676
Q103198438|1001677
Q103194729|1001678
Q103199669|1001679
Q103187576|1001680
Q103196373|1001681
Q103189719|1001682
Q103144159|1001683
Q103195249|1001685
Q103174737|1001686
Q103139868|1001687
Q103138462|1001688
Q103148987|1001689
Q103188103|1001690
Q103198636|1001691
Q103186535|1001692
Q103161658|1001693
Q103191456|1001694
Q103162496|1001695
Q103200306|1001696
Q103197351|1001697
Q103160787|1001698
Q103179616|1001699
Q103197600|1001700
Q103187373|1001701
Q103164314|1001702
Q103159768|1001704
Q103198677|1001705
Q103146332|1001706
Q103184169|1001707
Q103199133|1001708
Q103197933|1001709
Q103138140|1001710
Q103189203|1001711
Q103193963|1001712
Q103163026|1001713
Q103196721|1001714
Q103197818|1001715
Q103198404|1001717
Q103191102|1001719
Q103143963|1001720
Q103162062|1001721
Q103195064|1001722
Q103177929|1001723
Q103199447|1001725
Q103199185|1001726
Q103163121|1001727
Q103162117|1001728
Q103144133|1001729
Q103192179|1001730
Q103195374|1001731
Q103162842|1001732
Q103195460|1001734
Q103181407|1001735
Q103199332|1001736
Q103188932|1001737
Q103171219|1001738
Q103200008|1001739
Q103200177|1001740
Q103151338|1001741
Q103191480|1001742
Q103198186|1001743
Q103199110|1001744
Q103171190|1001745
Q103158473|1001746
Q103177162|1001747
Q103149043|1001748
Q103143607|1001749
Q103195211|1001750
Q103191727|1001751
Q103175705|1001752
Q103198168|1001753
Q103195599|1001754
Q103138409|1001755
Q103177630|1001756
Q103161714|1001757
Q103199471|1001758
Q103166144|1001759
Q103159383|1001760
Q103161118|1001761
Q103198948|1001762
Q103158403|1001763
Q103159668|1001764
Q103198557|1001765
Q103154229|1001767
Q103145182|1001768
Q103159162|1001769
Q103186673|1001770
Q103195265|1001771
Q103199388|1001772
Q103198521|1001773
Q103198936|1001774
Q103190981|1001775
Q103197825|1001777
Q103196175|1001778
Q103194871|1001779
Q103173312|1001780
Q103163309|1001782
Q103195547|1001783
Q103140639|1001784
Q103200235|1001786
Q103195531|1001787
Q103172670|1001788
Q103181818|1001789
Q103141340|1001790
Q103175335|1001791
Q103160555|1001793
Q103195242|1001794
Q103146281|1001795
Q103195286|1001796
Q103159323|1001798
Q103188012|1001799
Q103149237|1001800
Q103188326|1001801
Q103162430|1001802
Q103193346|1001803
Q103160368|1001804
Q103159925|1001805
Q103160833|1001806
Q103177589|1001807
Q103162353|1001808
Q103164164|1001809
Q103197229|1001810
Q103162992|1001812
Q103159432|1001813
Q103164130|1001814
Q103148770|1001815
Q103186829|1001816
Q103148847|1001817
Q103185489|1001818
Q103161645|1001819
Q103158457|1001820
Q103160742|1001821
Q103163801|1001822
Q103162444|1001823
Q103183811|1001824
Q103163965|1001825
Q103197960|1001826
Q103145205|1001828
Q103200176|1001829
Q103141827|1001831
Q103150577|1001832
Q103188451|1001833
Q103163745|1001834
Q103163173|1001835
Q103193484|1001836
Q103174572|1001837
Q103161687|1001839
Q103195085|1001840
Q103196470|1001841
Q103179355|1001842
Q103189252|1001843
Q103158107|1001845
Q103163705|1001846
Q103159496|1001847
Q103168265|1001849
Q103171741|1001851
Q103183092|1001852
Q103190042|1001853
Q103155680|1001854
Q103193451|1001855
Q103166415|1001856
Q103163814|1001857
Q103162693|1001858
Q103145846|1001859
Q103199422|1001861
Q103189898|1001862
Q103187862|1001863
Q103159763|1001864
Q103161525|1001865
Q103197516|1001867
Q103160061|1001869
Q103196137|1001870
Q103146621|1001871
Q103200399|1001872
Q103164718|1001873
Q103191593|1001874
Q103199738|1001875
Q103141731|1001876
Q103171110|1001877
Q103164525|1001879
Q103149516|1001880
Q103163321|1001882
Q103184342|1001883
Q103196237|1001884
Q103200067|1001885
Q103164395|1001886
Q103163972|1001887
Q103159458|1001888
Q103174501|1001890
Q103159410|1001891
Q103198795|1001892
Q103150602|1001893
Q103161865|1001894
Q103160738|1001895
Q103145790|1001896
Q103186064|1001898
Q103161484|1001900
Q103198971|1001901
Q103192980|1001903
Q103160773|1001904
Q103190221|1001905
Q103187125|1001907
Q103200197|1001908
Q103197417|1001909
Q103191333|1001910
Q103164403|1001911
Q103159823|1001912
Q103161324|1001913
Q103190879|1001914
Q103184085|1001915
Q103159852|1001916
Q103141174|1001917
Q103163413|1001918
Q103162068|1001919
Q103195220|1001920
Q103165356|1001921
Q103197105|1001922
Q103163018|1001923
Q103192621|1001924
Q103184931|1001925
Q103164667|1001926
Q103162427|1001927
Q103148086|1001928
Q103192806|1001929
Q103161031|1001931
Q103145509|1001932
Q103139568|1001933
Q103187178|1001935
Q103187324|1001936
Q103179809|1001937
Q103162788|1001938
Q103163611|1001939
Q103195540|1001940
Q103195555|1001941
Q103145851|1001942
Q103200060|1001943
Q103143390|1001944
Q103174112|1001945
Q103158885|1001946
Q103162192|1001948
Q103196892|1001949
Q103197658|1001950
Q103161890|1001951
Q103193132|1001952
Q103144170|1001953
Q103160601|1001954
Q103164227|1001955
Q103197699|1001956
Q103159710|1001957
Q103159796|1001958
Q103191309|1001959
Q103161825|1001960
Q103199117|1001961
Q103188743|1001962
Q103159685|1001964
Q103189309|1001965
Q103163472|1001966
Q103179249|1001967
Q103199138|1001968
Q103199512|1001969
Q103189244|1001970
Q103158595|1001971
Q103159447|1001972
Q103174541|1001973
Q103191218|1001975
Q103148561|1001976
Q103160511|1001978
Q103195468|1001979
Q103190584|1001980
Q103189014|1001981
Q103176330|1001982
Q103176437|1001983
Q103146744|1001984
Q103161862|1001985
Q103199199|1001986
Q103195044|1001987
Q103189565|1001988
Q103183371|1001989
Q103166169|1001991
Q103197095|1001992
Q103163638|1001994
Q103187686|1001995
Q103180712|1001996
Q103171409|1001998
Q103149151|1001999
Q103191340|1002000
Q103154322|1002001
Q103161621|1002003
Q103161797|1002004
Q103159678|1002005
Q103145322|1002006
Q103191025|1002007
Q103200404|1002009
Q103164124|1002010
Q103167086|1002011
Q103177340|1002012
Q103197787|1002013
Q103172031|1002014
Q103164437|1002015
Q103192003|1002017
Q103162278|1002018
Q103196390|1002019
Q103200490|1002021
Q103200372|1002022
Q103164217|1002023
Q103192385|1002024
Q103163689|1002025
Q103170738|1002026
Q103187705|1002027
Q103163949|1002028
Q103185148|1002029
Q103160608|1002031
Q103194956|1002032
Q103148508|1002034
Q103160561|1002035
Q103190420|1002036
Q103163754|1002037
Q103192339|1002038
Q103174033|1002039
Q103199370|1002041
Q103160552|1002043
Q103197834|1002044
Q103184139|1002045
Q103158387|1002046
Q103159521|1002047
Q103175909|1002048
Q103188553|1002049
Q103186670|1002050
Q103197767|1002051
Q103175771|1002052
Q103188534|1002053
Q103197741|1002054
Q103199001|1002055
Q103164575|1002057
Q103164019|1002058
Q103199292|1002059
Q103186741|1002060
Q103192332|1002062
Q103191917|1002063
Q103150613|1002064
Q103141668|1002065
Q103162984|1002066
Q103195020|1002068
Q103161697|1002069
Q103164674|1002070
Q103161681|1002071
Q103162639|1002072
Q103198193|1002073
Q103161819|1002074
Q103161004|1002075
Q103143370|1002076
Q103188095|1002077
Q103164386|1002078
Q103187903|1002079
Q103161204|1002080
Q103143361|1002081
Q103146554|1002082
Q103162780|1002083
Q103188637|1002084
Q103162521|1002085
Q103162718|1002086
Q103175408|1002087
Q103185438|1002088
Q103143692|1002089
Q103180738|1002091
Q103191003|1002092
Q103198075|1002093
Q103173085|1002094
Q103149141|1002095
Q103183483|1002097
Q103199434|1002098
Q103184028|1002099
Q103188879|1002100
Q103192557|1002101
Q103186808|1002102
Q103200286|1002103
Q103162772|1002104
Q103190154|1002105
Q103159260|1002106
Q103191434|1002107
Q103160660|1002108
Q103185467|1002109
Q103190319|1002110
Q103174612|1002111
Q103143881|1002112
Q103164065|1002113
Q103189229|1002115
Q103186544|1002116
Q103161459|1002117
Q103195077|1002118
Q103149128|1002119
Q103161961|1002120
Q103161195|1002121
Q103163589|1002122
Q103199298|1002123
Q103199316|1002124
Q103199923|1002125
Q103198729|1002126
Q103195887|1002127
Q103193903|1002128
Q103162499|1002129
Q103145372|1002130
Q103196453|1002131
Q103177510|1002132
Q103161026|1002133
Q103145832|1002134
Q103146755|1002135
Q103162831|1002137
Q103171157|1002138
Q103163697|1002140
Q103187640|1002142
Q103200394|1002143
Q103158989|1002144
Q103160794|1002146
Q103145763|1002147
Q103166114|1002148
Q103193761|1002149
Q103158851|1002150
Q103186596|1002152
Q103160422|1002153
Q103158739|1002154
Q103145656|1002155
Q103161109|1002156
Q103196856|1002157
Q103162555|1002158
Q103190025|1002159
Q103162310|1002160
Q103161468|1002161
Q103159136|1002162
Q103141697|1002163
Q103161655|1002164
Q103148932|1002165
Q103197209|1002166
Q103155892|1002169
Q103164703|1002170
Q103143935|1002171
Q103199953|1002172
Q103159297|1002173
Q103198208|1002174
Q103195038|1002177
Q103143913|1002179
Q103186174|1002180
Q103186495|1002182
Q103160692|1002183
Q103177665|1002184
Q103190437|1002185
Q103163367|1002186
Q103190114|1002187
Q103188790|1002188
Q103194835|1002189
Q103198668|1002190
Q103196213|1002191
Q103197393|1002192
Q103188734|1002193
Q103190927|1002194
Q103192776|1002195
Q103161690|1002196
Q103143675|1002197
Q103146069|1002198
Q103185812|1002199
Q103168894|1002200
Q103158568|1002201
Q103193122|1002202
Q103170948|1002203
Q103162367|1002204
Q103186344|1002205
Q103160829|1002207
Q103150238|1002208
Q103160409|1002209
Q103186756|1002211
Q103172997|1002212
Q103198305|1002215
Q103160997|1002216
Q103189039|1002217
Q103191443|1002218
Q103141509|1002219
Q103161298|1002220
Q103160384|1002223
Q103199277|1002224
Q103148212|1002226
Q103199557|1002227
Q103163478|1002228
Q103171315|1002229
Q103161234|1002230
Q103173447|1002231
Q103180105|1002232
Q103198369|1002235
Q103161805|1002236
Q103195354|1002237
Q103196728|1002238
Q103180560|1002239
Q103171060|1002240
Q103163230|1002241
Q103163419|1002242
Q103193707|1002243
Q103191556|1002244
Q103158807|1002245
Q103193729|1002246
Q103158912|1002247
Q103160615|1002248
Q103197803|1002249
Q103196645|1002250
Q103141135|1002251
Q103191713|1002252
Q103167133|1002253
Q103199342|1002254
Q103187981|1002255
Q103150739|1002256
Q103163140|1002258
Q103197038|1002259
Q103192016|1002260
Q103161001|1002261
Q103149029|1002262
Q103162475|1002263
Q103163000|1002264
Q103145882|1002265
Q103161456|1002266
Q103175873|1002267
Q103187135|1002268
Q103163764|1002269
Q103166189|1002270
Q103198964|1002271
Q103199970|1002273
Q103162131|1002274
Q103191500|1002275
Q103161282|1002276
Q103141148|1002277
Q103197928|1002278
Q103146613|1002279
Q103139929|1002280
Q103194000|1002281
Q103159018|1002282
Q103186113|1002283
Q103187257|1002285
Q103139600|1002286
Q103159591|1002287
Q103198663|1002288
Q103159577|1002289
Q103161626|1002290
Q103194962|1002291
Q103161376|1002292
Q103190534|1002293
Q103161996|1002294
Q103143771|1002295
Q103189506|1002296
Q103162562|1002297
Q103195412|1002298
Q103164363|1002299
Q103160897|1002301
Q103146122|1002302
Q103158323|1002303
Q103160184|1002304
Q103162724|1002305
Q103191534|1002306
Q103146506|1002308
Q103199290|1002309
Q103198869|1002310
Q103162620|1002311
Q103185892|1002312
Q103197167|1002313
Q103138432|1002314
Q103199150|1002315
Q103164264|1002316
Q103163866|1002317
Q103158812|1002318
Q103159742|1002319
Q103142578|1002320
Q103187142|1002321
Q103199732|1002322
Q103194165|1002323
Q103159073|1002324
Q103185994|1002325
Q103154726|1002326
Q103157710|1002327
Q103159517|1002328
Q103197850|1002329
Q103192875|1002330
Q103187512|1002331
Q103168930|1002332
Q103162847|1002333
Q103196043|1002334
Q103172868|1002335
Q103172908|1002336
Q103159215|1002337
Q103159551|1002338
Q103187495|1002339
Q103160712|1002341
Q103170633|1002342
Q103161984|1002343
Q103174936|1002344
Q103146092|1002345
Q103188262|1002346
Q103159274|1002347
Q103177002|1002348
Q103145621|1002349
Q103172946|1002350
Q103165138|1002351
Q103163314|1002352
Q103159107|1002353
Q103186618|1002354
Q103198589|1002355
Q103194804|1002356
Q103193573|1002357
Q103162175|1002358
Q103140887|1002359
Q103187683|1002360
Q103146579|1002362
Q103184640|1002363
Q103174881|1002364
Q103138450|1002365
Q103162414|1002366
Q103181925|1002367
Q103196695|1002368
Q103192478|1002369
Q103193060|1002370
Q103175740|1002371
Q103158795|1002372
Q103194053|1002373
Q103183397|1002374
Q103191181|1002375
Q103198266|1002376
Q103183507|1002377
Q103159674|1002378
Q103199744|1002379
Q103165957|1002380
Q103157885|1002381
Q103181309|1002382
Q103159527|1002383
Q103193099|1002384
Q103139956|1002385
Q103163578|1002387
Q103183984|1002388
Q103199052|1002389
Q103160091|1002391
Q103164600|1002392
Q103189090|1002393
Q103175497|1002394
Q103148605|1002395
Q103188173|1002397
Q103187736|1002398
Q103181433|1002400
Q103159777|1002401
Q103190303|1002402
Q103139730|1002403
Q103175802|1002405
Q103159091|1002406
Q103199863|1002408
Q103193173|1002409
Q103190139|1002410
Q103146131|1002411
Q103191990|1002413
Q103198290|1002414
Q103159600|1002415
Q103173132|1002416
Q103170664|1002417
Q103186504|1002418
Q103192056|1002419
Q103172720|1002420
Q103174825|1002421
Q103181304|1002422
Q103159167|1002425
Q103160477|1002426
Q103159728|1002427
Q103182719|1002428
Q103146767|1002429
Q103180484|1002431
Q103146457|1002432
Q103200324|1002433
Q103146731|1002434
Q103159556|1002437
Q103160361|1002438
Q103155457|1002439
Q103188117|1002441
Q103170849|1002443
Q103188814|1002444
Q103196522|1002445
Q103163010|1002446
Q103162932|1002447
Q103195713|1002448
Q103188693|1002449
Q103160891|1002450
Q103191631|1002451
Q103159077|1002452
Q103185525|1002453
Q103186821|1002454
Q103160136|1002456
Q103193802|1002457
Q103173277|1002459
Q103164321|1002460
Q103188998|1002461
Q103192078|1002462
Q103163289|1002463
Q103199311|1002465
Q103199562|1002466
Q103162869|1002467
Q103158788|1002468
Q103199832|1002469
Q103146403|1002470
Q103200238|1002471
Q103164039|1002472
Q103164416|1002473
Q103163262|1002474
Q103198314|1002475
Q103162821|1002476
Q103163404|1002478
Q103164235|1002479
Q103198610|1002480
Q103199727|1002481
Q103148995|1002482
Q103199203|1002483
Q103175013|1002484
Q103177285|1002486
Q103185235|1002487
Q103189819|1002488
Q103164613|1002489
Q103193402|1002490
Q103158860|1002491
Q103146293|1002492
Q103194271|1002493
Q103145822|1002494
Q103191173|1002495
Q103160191|1002496
Q103179051|1002497
Q103189746|1002498
Q103180869|1002499
Q103163516|1002500
Q103148196|1002501
Q103161186|1002502
Q103198974|1002503
Q103160015|1002504
Q103143944|1002506
Q103199886|1002508
Q103164495|1002511
Q103168974|1002512
Q103158992|1002513
Q103198477|1002514
Q103174789|1002515
Q103162902|1002516
Q103161495|1002518
Q103197368|1002519
Q103190650|1002520
Q103177241|1002521
Q103198845|1002522
Q103197401|1002523
Q103162032|1002524
Q103154933|1002525
Q103185680|1002526
Q103180940|1002527
Q103160901|1002528
Q103163208|1002529
Q103199166|1002530
Q103183955|1002531
Q103190808|1002532
Q103198876|1002533
Q103162625|1002534
Q103195008|1002535
Q103172086|1002536
Q103197732|1002537
Q103176482|1002538
Q103193282|1002539
Q103192747|1002541
Q103196931|1002542
Q103193426|1002543
Q103175603|1002544
Q103197317|1002546
Q103187716|1002547
Q103140426|1002548
Q103199857|1002549
Q103160507|1002551
Q103165385|1002552
Q103196907|1002553
Q103143655|1002554
Q103145591|1002555
Q103187780|1002556
Q103162075|1002557
Q103191813|1002558
Q103138391|1002559
Q103163180|1002560
Q103142373|1002561
Q103172753|1002562
Q103192935|1002563
Q103190705|1002564
Q103143684|1002565
Q103190387|1002566
Q103159861|1002567
Q103163722|1002568
Q103159949|1002571
Q103178622|1002572
Q103198981|1002573
Q103198788|1002574
Q103162141|1002575
Q103189427|1002576
Q103177696|1002577
Q103181617|1002578
Q103158080|1002579
Q103161720|1002580
Q103192232|1002581
Q103195523|1002582
Q103160980|1002583
Q103191859|1002585
Q103164689|1002586
Q103192947|1002587
Q103163343|1002588
Q103193580|1002589
Q103145537|1002590
Q103199584|1002591
Q103199804|1002592
Q103140379|1002593
Q103190784|1002594
Q103195297|1002595
Q103188525|1002596
Q103193971|1002597
Q103143555|1002598
Q103198158|1002599
Q103188982|1002600
Q103163618|1002601
Q103192269|1002602
Q103194866|1002603
Q103180384|1002604
Q103194488|1002605
Q103160676|1002606
Q103164206|1002607
Q103163529|1002608
Q103163493|1002610
Q103187723|1002611
Q103193387|1002612
Q103158351|1002613
Q103165378|1002614
Q103196817|1002615
Q103189654|1002616
Q103161769|1002617
Q103194085|1002618
Q103158123|1002619
Q103159157|1002621
Q103161362|1002622
Q103192039|1002623
Q103187957|1002624
Q103160915|1002626
Q103146718|1002627
Q103197191|1002628
Q103200239|1002629
Q103162938|1002630
Q103191698|1002631
Q103176730|1002632
Q103164587|1002634
Q103163938|1002635
Q103195279|1002636
Q103187485|1002637
Q103163633|1002638
Q103162281|1002639
Q103162465|1002640
Q103185741|1002642
Q103148858|1002643
Q103185561|1002644
Q103140859|1002645
Q103146101|1002646
Q103162253|1002647
Q103198928|1002648
Q103164156|1002649
Q103158655|1002650
Q103163960|1002651
Q103196625|1002652
Q103159234|1002653
Q103194077|1002654
Q103161956|1002656
Q103196220|1002657
Q103162258|1002658
Q103198149|1002659
Q103191087|1002660
Q103160960|1002661
Q103162959|1002662
Q103146650|1002663
Q103195234|1002664
Q103159067|1002665
Q103159424|1002666
Q103198643|1002667
Q103143380|1002668
Q103189327|1002669
Q103179878|1002670
Q103188643|1002671
Q103148653|1002672
Q103146631|1002673
Q103187069|1002674
Q103160216|1002675
Q103163338|1002678
Q103161052|1002679
Q103176165|1002681
Q103191674|1002682
Q103200037|1002683
Q103181492|1002684
Q103184560|1002685
Q103193418|1002686
Q103189793|1002687
Q103191909|1002688
Q103162315|1002689
Q103161709|1002690
Q103191609|1002692
Q103163903|1002693
Q103193564|1002694
Q103179647|1002695
Q103181912|1002696
Q103189864|1002697
Q103187047|1002698
Q103161420|1002700
Q103154287|1002701
Q103164458|1002703
Q103159814|1002704
Q103188373|1002705
Q103174437|1002706
Q103198216|1002707
Q103198598|1002708
Q103166262|1002709
Q103182874|1002710
Q103197069|1002711
Q103177827|1002712
Q103175959|1002713
Q103165993|1002714
Q103197061|1002715
Q103199535|1002716
Q103197408|1002718
Q103158936|1002719
Q103195051|1002720
Q103164160|1002721
Q103196291|1002723
Q103199979|1002724
Q103151323|1002725
Q103160822|1002726
Q103148759|1002727
Q103162399|1002728
Q103193305|1002729
Q103162801|1002730
Q103179159|1002731
Q103164657|1002732
Q103200233|1002733
Q103196516|1002734
Q103185598|1002735
Q103185286|1002736
Q103162670|1002737
Q103159096|1002738
Q103185496|1002741
Q103199303|1002742
Q103197219|1002743
Q103138664|1002744
Q103177557|1002745
Q103189384|1002746
Q103161930|1002747
Q103198482|1002748
Q103159918|1002749
Q103155126|1002750
Q103146222|1002751
Q103138154|1002753
Q103194890|1002754
Q103191140|1002755
Q103198030|1002756
Q103143590|1002757
Q103195642|1002758
Q103165974|1002759
Q103187917|1002760
Q103185723|1002761
Q103162017|1002763
Q103199715|1002764
Q103148493|1002765
Q103167123|1002766
Q103143300|1002767
Q103162840|1002768
Q103200186|1002769
Q103155602|1002770
Q103197538|1002771
Q103198957|1002772
Q103199564|1002773
Q103144062|1002774
Q103161426|1002775
Q103138592|1002776
Q103186519|1002777
Q103193090|1002778
Q103146247|1002779
Q103161175|1002780
Q103199348|1002781
Q103191048|1002782
Q103189844|1002783
Q103148972|1002784
Q103187107|1002785
Q103187345|1002786
Q103187439|1002787
Q103179461|1002788
Q103173186|1002789
Q103174775|1002790
Q103162066|1002791
Q103195870|1002792
Q103180771|1002793
Q103193546|1002794
Q103180527|1002795
Q103170805|1002796
Q103198909|1002797
Q103145612|1002798
Q103161649|1002799
Q103194468|1002800
Q103190832|1002801
Q103160976|1002802
Q103160724|1002803
Q103171930|1002806
Q103191754|1002807
Q103188158|1002808
Q103194720|1002809
Q103145407|1002810
Q103186609|1002811
Q103197674|1002812
Q103187667|1002814
Q103162793|1002816
Q103166085|1002817
Q103161880|1002818
Q103162237|1002820
Q103145919|1002822
Q103193913|1002823
Q103195481|1002824
Q103196899|1002825
Q103159181|1002826
Q103200330|1002827
Q103160257|1002828
Q103159569|1002829
Q103163169|1002831
Q103143872|1002832
Q103163544|1002833
Q103163441|1002834
Q103188607|1002835
Q103175131|1002836
Q103162448|1002837
Q103190575|1002838
Q103184885|1002839
Q103164609|1002840
Q103199622|1002841
Q103186628|1002842
Q103162005|1002843
Q103173946|1002844
Q103163401|1002845
Q103192845|1002847
Q103198617|1002848
Q103199324|1002849
Q103159190|1002850
Q103146355|1002851
Q103192452|1002852
Q103146639|1002853
Q103139944|1002854
Q103172889|1002857
Q103154439|1002859
Q103143814|1002860
Q103164547|1002861
Q103158433|1002862
Q103162755|1002863
Q103189143|1002864
Q103198461|1002865
Q103145382|1002866
Q103199179|1002867
Q103159751|1002868
Q103142004|1002870
Q103175564|1002871
Q103143924|1002872
Q103193646|1002873
Q103161785|1002874
Q103199517|1002875
Q103191996|1002876
Q103159103|1002877
Q103191054|1002878
Q103179968|1002879
Q103189168|1002880
Q103161081|1002881
Q103195681|1002882
Q103188202|1002883
Q103200188|1002884
Q103158162|1002885
Q103198889|1002886
Q103163253|1002887
Q103140569|1002888
Q103150544|1002889
Q103160910|1002890
Q103164356|1002891
Q103170525|1002893
Q103198943|1002894
Q103192995|1002895
Q103171085|1002896
Q103193356|1002897
Q103143498|1002898
Q103155750|1002899
Q103178669|1002900
Q103198914|1002902
Q103146470|1002903
Q103188319|1002904
Q103185633|1002905
Q103187261|1002906
Q103146490|1002908
Q103159355|1002909
Q103141751|1002910
Q103198382|1002911
Q103159392|1002912
Q103149098|1002913
Q103164562|1002914
Q103199631|1002915
Q103196120|1002916
Q103156396|1002917
Q103164557|1002918
Q103199898|1002919
Q103164514|1002920
Q103187661|1002921
Q103190943|1002922
Q103196967|1002923
Q103193786|1002924
Q103199797|1002925
Q103163997|1002927
Q103181390|1002928
Q103141783|1002931
Q103189367|1002932
Q103190172|1002933
Q103179215|1002934
Q103146434|1002936
Q103190413|1002937
Q103165389|1002938
Q103188720|1002939
Q103159030|1002940
Q103164582|1002941
Q103192572|1002942
Q103192693|1002943
Q103170767|1002944
Q103148538|1002945
Q103183244|1002946
Q103187235|1002947
Q103141419|1002948
Q103138732|1002949
Q103168920|1002950
Q103191157|1002951
Q103162783|1002952
Q103192666|1002953
Q103164013|1002954
Q103141428|1002955
Q103192156|1002956
Q103197754|1002957
Q103196229|1002959
Q103186603|1002960
Q103199458|1002961
Q103187360|1002962
Q103199251|1002963
Q103191618|1002964
Q103162827|1002965
Q103148886|1002966
Q103191041|1002968
Q103192407|1002969
Q103164572|1002970
Q103163269|1002971
Q103191932|1002972
Q103190338|1002973
Q103192255|1002974
Q103195025|1002975
Q103162808|1002978
Q103146305|1002979
Q103199415|1002981
Q103161876|1002982
Q103157825|1002983
Q103187474|1002984
Q103194536|1002985
Q103193231|1002987
Q103194637|1002988
Q103190205|1002990
Q103187193|1002991
Q103138118|1002992
Q103190800|1002993
Q103157849|1002994
Q103163781|1002995
Q103199928|1002996
Q103164441|1002997
Q103189335|1002998
Q103189487|1002999
Q103197532|1003000
Q103200201|1003001
Q103157787|1003003
Q103191403|1003004
Q103192791|1003006
Q103163132|1003007
Q103183031|1003008
Q103161303|1003009
Q103162020|1003010
Q103199891|1003011
Q103192200|1003012
Q103160861|1003013
Q103178854|1003014
Q103162269|1003015
Q103198154|1003016
Q103138261|1003017
Q103143485|1003018
Q103142608|1003019
Q103160582|1003020
Q103188821|1003021
Q103162760|1003022
Q103199643|1003024
Q103174369|1003025
Q103144190|1003026
Q103141835|1003027
Q103189459|1003028
Q103160197|1003029
Q103164541|1003030
Q103198115|1003031
Q103194256|1003032
Q103164553|1003033
Q103163825|1003034
Q103162964|1003035
Q103145168|1003036
Q103191965|1003037
Q103195721|1003038
Q103183938|1003039
Q103192186|1003040
Q103198331|1003041
Q103140386|1003042
Q103163430|1003043
Q103163855|1003044
Q103181997|1003046
Q103160145|1003047
Q103193109|1003048
Q103148697|1003049
Q103142189|1003051
Q103190446|1003052
Q103197360|1003056
Q103197308|1003057
Q103138125|1003058
Q103200158|1003059
Q103180265|1003060
Q103150681|1003061
Q103163652|1003062
Q103188421|1003063
Q103172352|1003064
Q103159639|1003065
Q103160547|1003066
Q103160266|1003067
Q103200459|1003068
Q103160730|1003069
Q103161285|1003070
Q103198722|1003071
Q103160518|1003073
Q103155930|1003074
Q103154971|1003075
Q103171995|1003076
Q103184378|1003077
Q103183271|1003078
Q103197607|1003080
Q103146522|1003081
Q103191982|1003082
Q103195648|1003083
Q103148945|1003085
Q103193890|1003087
Q103189070|1003088
Q103196604|1003089
Q103185214|1003090
Q103162461|1003091
Q103139753|1003093
Q103183565|1003094
Q103179008|1003095
Q103175677|1003097
Q103198197|1003098
Q103161218|1003099
Q103187627|1003100
Q103180164|1003101
Q103190957|1003102
Q103158486|1003103
Q103148877|1003104
Q103163987|1003106
Q103163943|1003107
Q103159302|1003108
Q103185475|1003110
Q103163498|1003111
Q103157935|1003112
Q103180604|1003113
Q103171526|1003114
Q103164311|1003116
Q103195826|1003117
Q103191206|1003118
Q103162927|1003120
Q103163925|1003121
Q103163216|1003122
Q103181352|1003123
Q103141030|1003124
Q103163087|1003126
Q103163776|1003127
Q103142589|1003128
Q103199398|1003129
Q103184799|1003130
Q103200349|1003132
Q103164534|1003133
Q103163447|1003134
Q103148825|1003135
Q103188837|1003136
Q103186378|1003137
Q103192541|1003138
Q103198241|1003139
Q103189197|1003140
Q103154792|1003141
Q103198257|1003142
Q103165965|1003143
Q103140367|1003144
Q103146586|1003145
Q103160973|1003146
Q103179939|1003148
Q103166221|1003149
Q103162291|1003150
Q103158064|1003152
Q103141720|1003153
Q103161345|1003154
Q103188713|1003155
Q103186750|1003157
Q103195146|1003158
Q103166408|1003159
Q103192224|1003160
Q103194221|1003161
Q103200132|1003162
Q103170474|1003163
Q103150728|1003164
Q103143894|1003165
Q103198235|1003166
Q103158767|1003167
Q103172619|1003168
Q103199411|1003169
Q103164033|1003170
Q103196595|1003171
Q103175273|1003172
Q103162713|1003173
Q103188800|1003174
Q103162707|1003175
Q103189680|1003176
Q103158896|1003177
Q103163844|1003179
Q103143342|1003180
Q103198801|1003181
Q103200204|1003182
Q103196997|1003183
Q103158527|1003184
Q103161947|1003185
Q103181653|1003186
Q103190966|1003187
Q103161198|1003188
Q103162296|1003189
Q103141707|1003190
Q103164408|1003191
Q103199440|1003192
Q103159125|1003193
Q103160339|1003195
Q103158633|1003196
Q103196356|1003197
Q103158685|1003198
Q103174263|1003199
Q103145562|1003200
Q103198917|1003201
Q103172059|1003203
Q103175365|1003204
Q103160656|1003205
Q103149462|1003207
Q103142227|1003208
Q103182689|1003209
Q103183721|1003210
Q103199849|1003211
Q103199156|1003212
Q103187547|1003213
Q103161921|1003214
Q103190770|1003215
Q103179107|1003216
Q103166155|1003217
Q103190429|1003218
Q103181847|1003219
Q103158233|1003220
Q103194858|1003221
Q103163305|1003222
Q103175477|1003223
Q103188286|1003224
Q103186580|1003225
Q103160922|1003226
Q103142475|1003227
Q103161981|1003228
Q103177903|1003229
Q103198018|1003230
Q103190403|1003231
Q103191805|1003232
Q103181547|1003233
Q103187059|1003234
Q103193466|1003235
Q103181607|1003236
Q103192683|1003237
Q103199382|1003238
Q103199771|1003239
Q103140971|1003240
Q103193025|1003241
Q103185311|1003243
Q103161353|1003244
Q103149476|1003245
Q103163890|1003246
Q103185589|1003247
Q103175038|1003249
Q103190714|1003250
Q103193937|1003251
Q103195015|1003252
Q103148629|1003253
Q103177026|1003254
Q103199550|1003255
Q103155494|1003256
Q103184420|1003257
Q103162662|1003258
Q103176417|1003259
Q103163063|1003260
Q103200263|1003261
Q103189549|1003263
Q103188342|1003264
Q103179731|1003265
Q103199844|1003267
Q103199563|1003268
Q103160121|1003269
Q103190917|1003270
Q103148064|1003271
Q103200246|1003272
Q103189397|1003273
Q103192964|1003274
Q103158914|1003275
Q103181523|1003276
Q103186647|1003277
Q103170827|1003278
Q103165371|1003279
Q103189134|1003280
Q103166227|1003281
Q103197494|1003282
Q103172370|1003283
Q103199791|1003284
Q103185917|1003285
Q103163161|1003286
Q103198281|1003287
Q103146079|1003288
Q103163482|1003289
Q103183843|1003290
Q103183452|1003291
Q103163410|1003292
Q103197454|1003293
Q103159617|1003295
Q103192217|1003296
Q103143629|1003297
Q103148868|1003298
Q103188940|1003299
Q103197860|1003300
Q103197342|1003301
Q103193738|1003302
Q103179173|1003303
Q103198340|1003304
Q103176126|1003305
Q103145643|1003307
Q103195510|1003308
Q103192461|1003309
Q103162957|1003310
Q103181535|1003311
Q103155526|1003312
Q103191796|1003313
Q103148136|1003314
Q103199520|1003315
Q103159027|1003316
Q103187962|1003317
Q103161843|1003318
Q103186482|1003320
Q103159885|1003321
Q103184668|1003322
Q103187517|1003323
Q103175091|1003324
Q103142599|1003325
Q103145192|1003327
Q103187404|1003328
Q103141899|1003329
Q103185091|1003330
Q103138607|1003331
Q103187282|1003332
Q103189993|1003333
Q103164071|1003335
Q103198761|1003336
Q103199561|1003338
Q103163298|1003339
Q103160766|1003340
Q103149079|1003341
Q103154507|1003342
Q103148833|1003343
Q103163567|1003344
Q103196982|1003345
Q103191372|1003346
Q103171450|1003347
Q103146788|1003348
Q103186722|1003349
Q103180138|1003350
Q103196703|1003351
Q103198512|1003352
Q103190682|1003353
Q103194304|1003354
Q103160612|1003356
Q103164112|1003357
Q103150764|1003358
Q103160205|1003361
Q103196457|1003362
Q103197705|1003363
Q103162853|1003364
Q103157753|1003365
Q103186657|1003366
Q103176217|1003367
Q103179077|1003368
Q103187633|1003369
Q103193076|1003370
Q103190865|1003371
Q103161975|1003372
Q103197135|1003373
Q103192920|1003374
Q103158968|1003375
Q103191231|1003376
Q103142434|1003377
Q103187034|1003378
Q103145927|1003379
Q103139814|1003380
Q103175305|1003381
Q103138416|1003382
Q103198804|1003383
Q103162967|1003384
Q103162690|1003385
Q103160496|1003386
Q103160948|1003387
Q103158246|1003388
Q103176781|1003389
Q103189906|1003390
Q103185519|1003391
Q103195111|1003392
Q103187816|1003394
Q103149283|1003395
Q103163013|1003396
Q103187655|1003397
Q103186678|1003399
Q103161577|1003400
Q103200014|1003401
Q103158755|1003402
Q103183334|1003403
Q103166253|1003404
Q103185053|1003405
Q103181465|1003406
Q103159121|1003407
Q103145720|1003408
Q103179915|1003409
Q103162373|1003410
Q103192103|1003412
Q103161145|1003413
Q103145234|1003414
Q103159415|1003415
Q103160700|1003416
Q103198375|1003417
Q103155335|1003418
Q103159985|1003419
Q103158193|1003420
Q103198883|1003421
Q103193518|1003422
Q103199038|1003423
Q103181189|1003424
Q103194560|1003425
Q103188591|1003426
Q103176704|1003427
Q103195569|1003428
Q103161250|1003429
Q103155258|1003430
Q103196710|1003431
Q103146824|1003433
Q103143510|1003435
Q103193778|1003436
Q103161755|1003438
Q103200050|1003439
Q103148053|1003440
Q103145908|1003441
Q103200478|1003442
Q103162526|1003443
Q103182920|1003444
Q103189495|1003445
Q103166148|1003446
Q103193260|1003447
Q103146241|1003448
Q103190229|1003449
Q103187616|1003450
Q103195789|1003451
Q103192025|1003452
Q103189591|1003453
Q103160645|1003454
Q103163817|1003456
Q103145810|1003457
Q103160054|1003458
Q103143447|1003459
Q103163665|1003461
Q103164341|1003462
Q103164708|1003464
Q103196557|1003465
Q103161968|1003466
Q103193506|1003467
Q103155655|1003468
Q103172970|1003469
Q103159561|1003470
Q103190264|1003471
Q103161310|1003472
Q103199013|1003473
Q103190558|1003474
Q103180361|1003475
Q103142636|1003476
Q103163385|1003477
Q103161566|1003478
Q103194651|1003480
Q103168243|1003481
Q103143983|1003482
Q103195935|1003483
Q103194713|1003484
Q103159982|1003485
Q103186144|1003486
Q103162137|1003487
Q103161925|1003488
Q103163030|1003489
Q103146178|1003490
Q103174089|1003491
Q103163189|1003492
Q103155844|1003493
Q103171921|1003494
Q103199502|1003495
Q103159112|1003497
Q103197439|1003498
Q103159239|1003499
Q103171819|1003500
Q103164057|1003501
Q103158873|1003502
Q103196652|1003504
Q103176633|1003505
Q103165174|1003506
Q103190486|1003507
Q103187855|1003508
Q103161607|1003509
Q103159178|1003510
Q103160170|1003511
Q103162604|1003515
Q103199580|1003516
Q103197558|1003518
Q103163525|1003520
Q103189295|1003521
Q103196876|1003522
Q103145492|1003523
Q103164297|1003524
Q103172339|1003525
Q103148786|1003526
Q103195099|1003527
Q103190352|1003528
Q103164028|1003529
Q103196149|1003530
Q103187340|1003531
Q103180029|1003532
Q103161949|1003533
Q103176426|1003534
Q103179513|1003535
Q103159436|1003536
Q103191190|1003537
Q103199514|1003538
Q103187354|1003539
Q103139937|1003541
Q103159467|1003542
Q103172233|1003543
Q103163080|1003544
Q103199281|1003545
Q103138778|1003546
Q103179309|1003547
Q103182524|1003548
Q103139898|1003549
Q103148731|1003550
Q103194798|1003551
Q103194777|1003552
Q103148964|1003553
Q103162438|1003554
Q103150660|1003556
Q103162023|1003557
Q103162590|1003558
Q103176458|1003559
Q103158445|1003560
Q103180667|1003561
Q103143520|1003562
Q103198630|1003563
Q103181086|1003564
Q103191958|1003566
Q103161156|1003567
Q103182557|1003568
Q103191485|1003569
Q103149449|1003570
Q103163736|1003572
Q103172577|1003573
Q103198131|1003574
Q103177959|1003575
Q103163040|1003576
Q103189031|1003578
Q103192548|1003580
Q103194124|1003581
Q103196246|1003582
Q103140845|1003583
Q103160405|1003585
Q103192363|1003587
Q103188470|1003588
Q103148642|1003589
Q103190525|1003590
Q103159621|1003591
Q103159959|1003592
Q103197430|1003593
Q103187503|1003594
Q103158709|1003595
Q103160436|1003597
Q103166174|1003598
Q103186467|1003600
Q103168251|1003602
Q103184061|1003603
Q103193180|1003604
Q103186526|1003605
Q103154479|1003606
Q103150213|1003607
Q103162513|1003608
Q103159870|1003609
Q103146260|1003610
Q103142345|1003611
Q103187381|1003612
Q103197811|1003613
Q103198272|1003614
Q103194394|1003615
Q103177486|1003616
Q103186728|1003617
Q103198715|1003618
Q103188389|1003619
Q103150627|1003620
Q103194499|1003621
Q103138164|1003622
Q103190633|1003623
Q103159200|1003624
Q103173059|1003625
Q103172272|1003626
Q103189117|1003627
Q103162232|1003628
Q103146531|1003629
Q103158764|1003630
Q103195882|1003631
Q103176475|1003632
Q103157813|1003633
Q103160566|1003634
Q103144124|1003635
Q103138276|1003636
Q103145451|1003637
Q103139842|1003638
Q103185356|1003640
Q103146902|1003641
Q103162907|1003642
Q103163046|1003643
Q103194939|1003644
Q103161318|1003645
Q103199958|1003647
Q103195405|1003648
Q103158672|1003649
Q103138752|1003651
Q103164176|1003652
Q103159507|1003653
Q103195137|1003654
Q103195943|1003655
Q103159649|1003656
Q103143795|1003657
Q103198248|1003658
Q103200234|1003660
Q103190238|1003661
Q103192169|1003662
Q103171767|1003663
Q103197044|1003664
Q103190075|1003665
Q103190600|1003666
Q103162321|1003668
Q103199429|1003669
Q103185548|1003670
Q103158643|1003671
Q103176469|1003672
Q103161293|1003673
Q103189776|1003674
Q103160953|1003675
Q103193979|1003677
Q103162737|1003679
Q103181319|1003680
Q103141127|1003681
Q103148779|1003682
Q103159840|1003683
Q103188404|1003684
Q103182662|1003685
Q103159946|1003686
Q103163728|1003687
Q103197651|1003688
Q103187252|1003690
Q103197593|1003691
Q103162047|1003692
Q103143540|1003695
Q103179028|1003696
Q103197569|1003697
Q103146010|1003698
Q103194028|1003699
Q103163125|1003700
Q103161990|1003701
Q103163147|1003703
Q103146686|1003704
Q103145730|1003706
Q103146706|1003707
Q103198225|1003708
Q103162659|1003710
Q103172313|1003711
Q103163371|1003712
Q103165187|1003713
Q103165167|1003714
Q103187306|1003716
Q103145269|1003718
Q103178695|1003719
Q103160943|1003720
Q103199949|1003721
Q103196842|1003723
Q103163391|1003724
Q103160373|1003725
Q103196611|1003726
Q103166207|1003727
Q103183184|1003728
Q103181300|1003729
Q103175643|1003730
Q103188654|1003731
Q103162630|1003733
Q103197628|1003735
Q103160150|1003736
Q103190461|1003737
Q103173381|1003738
Q103194928|1003739
Q103186319|1003740
Q103198527|1003741
Q103161242|1003742
Q103187804|1003743
Q103198323|1003745
Q103197331|1003746
Q103178839|1003747
Q103181052|1003748
Q103180850|1003749
Q103198572|1003750
Q103162567|1003751
Q103163859|1003753
Q103199358|1003754
Q103145481|1003755
Q103183306|1003756
Q103197280|1003757
Q103200045|1003758
Q103171947|1003759
Q103181446|1003760
Q102766933|1003761
Q103160303|1003762
Q103199244|1003763
Q103162363|1003764
Q103187694|1003765
Q103192094|1003766
Q103166092|1003767
Q103197460|1003769
Q103164499|1003770
Q103141249|1003771
Q103159483|1003772
Q103162220|1003773
Q103196955|1003774
Q103200245|1003775
Q103161342|1003776
Q103194752|1003777
Q103188863|1003778
Q103188923|1003779
Q103165209|1003780
Q103159540|1003781
Q103154452|1003782
Q103177179|1003783
Q103199487|1003784
Q103165200|1003785
Q103143617|1003786
Q103145415|1003787
Q103181258|1003788
Q103183001|1003789
Q103196315|1003790
Q103197082|1003791
Q103159966|1003792
Q103151275|1003793
Q103197709|1003794
Q103159082|1003795
Q103145282|1003796
Q103162942|1003797
Q103187541|1003799
Q103195269|1003800
Q103159912|1003801
Q103163974|1003802
Q103155915|1003804
Q103138105|1003805
Q103188303|1003806
Q103179714|1003807
Q103191474|1003809
Q103139701|1003810
Q103172923|1003811
Q103162946|1003812
Q103198389|1003813
Q103141163|1003814
Q103168943|1003815
Q103183776|1003816
Q103145244|1003817
Q103163933|1003818
Q103196664|1003819
Q103199603|1003820
Q103145650|1003822
Q103187215|1003823
Q103199763|1003824
Q103182377|1003825
Q103188460|1003826
Q103160344|1003827
Q103178986|1003828
Q103194659|1003829
Q103194312|1003830
Q103165951|1003831
Q103191682|1003832
Q103161480|1003833
Q103196104|1003834
Q103163540|1003835
Q103185123|1003836
Q103142130|1003837
Q103160175|1003838
Q103163294|1003839
Q103192652|1003840
Q103200376|1003842
Q103186793|1003843
Q103138621|1003844
Q103200357|1003845
Q103193533|1003847
Q103198420|1003848
Q103190278|1003849
Q103160638|1003850
Q103192414|1003851
Q103162287|1003852
Q103154673|1003853
Q103198057|1003854
Q103195973|1003856
Q103199909|1003857
Q103164660|1003858
Q103187561|1003859
Q103192524|1003860
Q103191060|1003861
Q103196035|1003862
Q103197583|1003863
Q103191462|1003865
Q103187524|1003866
Q103143434|1003867
Q103164171|1003869
Q103199007|1003870
Q103199612|1003871
Q103176178|1003872
Q103150644|1003873
Q103195857|1003874
Q103143903|1003875
Q103195697|1003876
Q103171297|1003877
Q103163022|1003878
Q103158297|1003879
Q103155707|1003881
Q103162058|1003882
Q103162095|1003883
Q103142209|1003885
Q103189342|1003886
Q103138178|1003889
Q103188516|1003890
Q103182330|1003891
Q103164670|1003892
Q103161370|1003893
Q103143972|1003894
Q103159867|1003895
Q103139680|1003896
Q103160782|1003897
Q103187820|1003898
Q103200298|1003899
Q103195819|1003900
Q103190666|1003901
Q103159211|1003902
Q103180297|1003903
Q103180327|1003904
Q103193377|1003906
Q103185611|1003907
Q103158261|1003908
Q103160399|1003909
Q103194579|1003910
Q103190453|1003911
Q103193748|1003912
Q103199329|1003913
Q103158825|1003915
Q103146197|1003916
Q103194851|1003918
Q103155877|1003919
Q103160591|1003920
Q103145345|1003921
Q103143664|1003922
Q103190848|1003923
Q103159378|1003924
Q103194948|1003925
Q103148955|1003926
Q103192073|1003927
Q103187895|1003929
Q103187094|1003930
Q103175841|1003931
Q103158546|1003933
Q103143459|1003934
Q103160025|1003935
Q103161429|1003936
Q103188784|1003937
Q103198682|1003938
Q103200466|1003939
Q103161504|1003940
Q103143412|1003941
Q103161359|1003943
Q103192086|1003944
Q103156058|1003945
Q103198851|1003946
Q103197546|1003947
Q103192110|1003948
Q103162303|1003950
Q103190607|1003951
Q103200344|1003952
Q103162263|1003953
Q103170477|1003954
Q103198601|1003955
Q103155084|1003956
Q103194905|1003958
Q103162393|1003959
Q103187746|1003960
Q103163423|1003961
Q103187293|1003962
Q103143991|1003963
Q103164003|1003964
Q103179755|1003965
Q103198580|1003966
Q103194209|1003967
Q103164189|1003968
Q103191382|1003971
Q103163470|1003972
Q103154757|1003973
Q103161933|1003974
Q103188188|1003975
Q103143761|1003976
Q103190089|1003977
Q103141270|1003978
Q103198220|1003979
Q103145688|1003980
Q103158819|1003981
Q103174758|1003982
Q103196261|1003983
Q103198823|1003984
Q103195334|1003985
Q103164594|1003986
Q103175936|1003987
Q103138601|1003988
Q103162615|1003989
Q103198816|1003990
Q103209771|1003991
Q103191762|1003992
Q103193333|1003994
Q103181478|1003995
Q103160906|1003996
Q103192643|1003997
Q103161593|1003998
Q103164289|1003999
Q103194673|1004000
Q103189466|1004002
Q103163573|1004003
Q103197485|1004004
Q103189786|1004005
Q103189213|1004006
Q103199574|1004007
Q103188761|1004008
Q103143733|1004009
Q103198201|1004010
Q103196795|1004011
Q103190745|1004012
Q103190895|1004013
Q103172798|1004014
Q103161273|1004015
Q103150671|1004016
Q103195366|1004017
Q103199984|1004019
Q103176889|1004020
Q103175435|1004021
Q103164078|1004022
Q103146109|1004024
Q103164371|1004025
Q103155697|1004026
Q103187731|1004027
Q103148147|1004028
Q103174978|1004029
Q103175109|1004030
Q103167149|1004031
Q103148678|1004032
Q103199032|1004033
Q103189262|1004034
Q103186295|1004035
Q103144145|1004036
Q103160296|1004037
Q103189352|1004038
Q103195736|1004039
Q103197773|1004041
Q103160209|1004042
Q103172453|1004043
Q103161640|1004044
Q103163319|1004045
Q103191749|1004046
Q103198809|1004048
Q103159784|1004049
Q103141922|1004051
Q103197472|1004052
Q103176252|1004053
Q103187086|1004054
Q103161478|1004055
Q103161676|1004056
Q103163329|1004057
Q103176196|1004058
Q103199271|1004059
Q103177361|1004060
Q103172114|1004061
Q103162767|1004062
Q103199692|1004063
Q103198931|1004064
Q103159831|1004065
Q103163807|1004066
Q103182052|1004067
Q103167111|1004068
Q103174188|1004069
Q103198096|1004071
Q103199694|1004072
Q103146142|1004073
Q103194743|1004074
Q103190823|1004075
Q103162337|1004076
Q103148806|1004077
Q103159932|1004080
Q103178948|1004081
Q103157668|1004082
Q103181967|1004083
Q103200147|1004084
Q103200353|1004085
Q103172149|1004086
Q103194591|1004087
Q103161230|1004088
Q103181981|1004089
Q103198752|1004090
Q103148586|1004091
Q103193612|1004092
Q103190510|1004093
Q103146037|1004094
Q103199043|1004095
Q103197869|1004096
Q103163600|1004098
Q103154850|1004099
Q103195996|1004100
Q103159502|1004101
Q103159361|1004102
Q103163240|1004103
Q103187590|1004104
Q103160119|1004105
Q103158747|1004106
Q103145290|1004107
Q103163759|1004108
Q103145682|1004109
Q103140397|1004110
Q103159042|1004111
Q103199963|1004113
Q103155589|1004114
Q103140897|1004115
Q103188846|1004116
Q103145599|1004117
Q103199916|1004118
Q103160982|1004119
Q103160751|1004120
Q103138654|1004121
Q103190099|1004122
Q103158854|1004123
Q103159455|1004124
Q103187277|1004125
Q103161077|1004127
Q103142081|1004128
Q103198412|1004129
Q103200281|1004130
Q103158149|1004131
Q103174401|1004132
Q103159634|1004133
Q103196778|1004134
Q103189638|1004135
Q103149089|1004136
Q103187022|1004137
Q103141435|1004139
Q103145934|1004140
Q103195988|1004141
Q103161434|1004142
Q103159954|1004143
Q103146876|1004144
Q103189180|1004145
Q103189474|1004147
Q103139539|1004148
Q103186571|1004149
Q103162151|1004150
Q103195383|1004151
Q103191516|1004152
Q103194407|1004153
Q103194769|1004155
Q103190689|1004156
Q103160431|1004157
Q103162892|1004158
Q103200115|1004159
Q103172633|1004160
Q103140263|1004161
Q103194015|1004162
Q103141182|1004163
Q103146319|1004164
Q103182143|1004165
Q103145355|1004166
Q103193588|1004167
Q103161010|1004168
Q103178538|1004169
Q103145772|1004170
Q103161794|1004171
Q103192761|1004173
Q103163280|1004174
Q103151293|1004175
Q103158802|1004176
Q103159341|1004177
Q103160968|1004178
Q103161557|1004179
Q103161391|1004180
Q103162572|1004181
Q103198296|1004182
Q103161134|1004183
Q103162226|1004186
Q103185790|1004187
Q103165126|1004188
Q103162528|1004189
Q103200484|1004190
Q103200080|1004191
Q103191356|1004192
Q103191867|1004193
Q103187611|1004194
Q103140950|1004195
Q103150525|1004196
Q103188631|1004198
Q103164413|1004199
Q103192904|1004200
Q103141569|1004201
Q103194180|1004202
Q103158218|1004203
Q103187673|1004204
Q103183165|1004205
Q103158906|1004206
Q103141115|1004207
Q103161745|1004208
Q103146167|1004209
Q103157873|1004210
Q103182621|1004211
Q103192724|1004212
Q103145299|1004213
Q103188576|1004214
Q103194881|1004215
Q103171868|1004216
Q103197325|1004217
Q103200242|1004219
Q103159151|1004220
Q103200000|1004221
Q103181111|1004222
Q103163352|1004223
Q103138677|1004224
Q103188897|1004225
Q103175064|1004226
Q103163057|1004227
Q103177260|1004228
Q103189623|1004230
Q103141467|1004231
Q103199321|1004232
Q103181688|1004233
Q103160444|1004234
Q103192399|1004237
Q103183903|1004238
Q103161387|1004239
Q103150695|1004240
Q103158697|1004241
Q103186688|1004242
Q103160048|1004243
Q103184723|1004244
Q103164697|1004245
Q103198472|1004246
Q103159566|1004247
Q103148096|1004248
Q103185264|1004249
Q103199931|1004251
Q103190188|1004252
Q103142157|1004253
Q103187569|1004254
Q103199482|1004255
Q103199173|1004256
Q103198840|1004258
Q103138522|1004260
Q103186700|1004261
Q103192293|1004262
Q103200447|1004263
Q103159060|1004264
Q103187221|1004265
Q103161396|1004266
Q103162975|1004267
Q103191651|1004268
Q103198736|1004269
Q103196533|1004270
Q103151263|1004271
Q103160311|1004272
Q103177871|1004273
Q103149271|1004274
Q103190016|1004275
Q103146390|1004276
Q103200030|1004277
Q103138215|1004278
Q103148617|1004279
Q103181206|1004280
Q103160279|1004281
Q103160844|1004282
Q103160988|1004283
Q103161472|1004284
Q103182978|1004285
Q103166198|1004286
Q103146001|1004287
Q103164427|1004288
Q103163326|1004289
Q103164253|1004290
Q103185618|1004291
Q103160154|1004293
Q103193034|1004294
Q103197384|1004295
Q103199405|1004296
Q103166125|1004298
Q103163050|1004299
Q103163655|1004300
Q103193193|1004301
Q103164725|1004302
Q103159994|1004303
Q103146188|1004305
Q103196158|1004306
Q103193627|1004308
Q103200417|1004309
Q103200260|1004310
Q103161412|1004312
Q103159064|1004313
Q103176382|1004315
Q103146231|1004316
Q103181506|1004318
Q103162013|1004320
Q103195657|1004321
Q103158918|1004322
Q103197904|1004324
Q103161306|1004325
Q103164147|1004326
Q103146153|1004327
Q103177099|1004328
Q103149058|1004329
Q103163899|1004330
Q103193010|1004332
Q103159331|1004333
Q103168986|1004334
Q103189830|1004338
Q103189856|1004339
Q103193156|1004340
Q103161598|1004341
Q103194093|1004342
Q103186709|1004343
Q103192814|1004344
Q103160414|1004345
Q103163185|1004346
Q103158893|1004347
Q103200243|1004348